"colnames(shape_agg[, -1])"
ReclassAGRICOLA
ReclassCONSERVACION
ReclassFORESTAL
ReclassHABITACIONAL
ReclassPECUARIO
ReclassSIN APROVECHAMIENTO
ABANDONEDFALSE
ABANDONEDTRUE
CONSERVATIONFALSE
CONSERVATIONTRUE
FARMINGFALSE
FARMINGTRUE
CATTLEFALSE
CATTLETRUE
FORESTRYFALSE
FORESTRYTRUE
LODGINGFALSE
LODGINGTRUE
AGUAAGUA DE POZO PRIVADA
AGUAAGUA DE POZO PUBLICA
AGUAAGUA ENTUBADA PRIVADA
AGUAAGUA ENTUBADA PUBLICA
AGUAAGUA POTABLE PRIVADA
AGUAAGUA POTABLE PUBLICA
AGUANO TIENE
AGUASIN INFORMACION
ENERGIA_ELENERGIA ELECTRICA PRIVADA
ENERGIA_ELENERGIA ELECTRICA PUBLICA
ENERGIA_ELENERGIA SOLAR PRIVADA
ENERGIA_ELENERGIA SOLAR PUBLICA
ENERGIA_ELGENERADOR PRIVADO
ENERGIA_ELNO TIENE
ENERGIA_ELSIN INFORMACION
TELEFONO_FNO TIENE
TELEFONO_FSIN INFORMACION
TELEFONO_FTEELFONO FIJO PRIVADO
TELEFONO_FTELEFONO FIJO PUBLICO
INTERNETINTERNET PRIVADO
INTERNETNO TIENE
INTERNETSIN INFORMACION
ALCANTARILALCANTARILLADO PRIVADO
ALCANTARILALCANTARILLADO PUBLICO
ALCANTARILLETRINA PRIVADA
ALCANTARILNO TIENE
ALCANTARILPOZO SEPTICO O CIEGO PRIVADO
ALCANTARILPOZO SEPTICO O CIEGO PUBLICO
ALCANTARILSIN INFORMACION
VIAS_DE_ACASFALTADA
VIAS_DE_ACCAMINO DE HERRADURA
VIAS_DE_ACDE VERANO
VIAS_DE_ACLASTRADA
VIAS_DE_ACSENDERO
RIEGONO TIENE
RIEGOOCASIONAL
RELIEVEABRUPTO
RELIEVECOLINADO
RELIEVEESCARPADO
RELIEVEONDULADO
RELIEVEPLANO
